{
  "schema_version": "0.1",
  "name": "cold distant #2",
  "world_type": "cold_distant",
  "age_gyr": 3.362131191417575,
  "seed": 3449044125,
  "host_star": {
    "catalog_id": "HIP64797",
    "galactic_xyz_pc": [
      2.052262336451373,
      -0.9832271756625997,
      10.994080874065645
    ],
    "space_velocity_kms": [
      34.90246019457622,
      8.356965730049438,
      -5.767849938646691
    ],
    "mass_msun": 0.6902566918292058,
    "luminosity_lsun": 0.2732355413387165,
    "teff_k": 4840.122680089289,
    "radius_rsun": 0.7433759397847535
  },
  "planet": {
    "radius_km": 6371,
    "mass_mearth": 1,
    "rotation_period_s": 64563.158858567476,
    "axial_tilt_deg": 19.171590912155807,
    "north_pole_inertial": {
      "ra_deg": 0,
      "dec_deg": 70.8284090878442
    },
    "orbit": {
      "a_au": 26.071224689827474,
      "e": 0.05072593674995005,
      "i_deg": 0,
      "Omega_deg": 0,
      "omega_deg": 0,
      "M0_deg": 0,
      "epoch_jd": 2451545
    }
  },
  "moons": [
    {
      "name": "moon a",
      "radius_km": 1843.8047785311937,
      "albedo": 0.23892180597875268,
      "orbit": {
        "a_au": 0.0003003545742792139,
        "e": 0.043908039398957044,
        "i_deg": 2.440971774980426,
        "Omega_deg": 54.73059640266001,
        "omega_deg": 77.11150196380913,
        "M0_deg": 82.3274261970073,
        "epoch_jd": 2451545
      }
    },
    {
      "name": "moon b",
      "radius_km": 887.4359547160566,
      "albedo": 0.13002151164226233,
      "orbit": {
        "a_au": 0.0006985025856732193,
        "e": 0.031317371421027924,
        "i_deg": 19.712463254109025,
        "Omega_deg": 353.71124647557735,
        "omega_deg": 309.30285830050707,
        "M0_deg": 69.35835988260806,
        "epoch_jd": 2451545
      }
    }
  ],
  "observer": {
    "lat_deg": 0,
    "lon_deg": 0,
    "elevation_m": 0
  },
  "epoch_jd": 2451545,
  "catalog_ref": "catalog/local_volume_300pc.json",
  "provenance": {
    "host": {
      "value": "HIP64797",
      "real": true,
      "note": "real catalog star HIP64797: observed galactic position & space velocity; luminosity from its absolute magnitude (M=6.24, BP-RP 0.93)"
    },
    "host_star.galactic_xyz_pc": {
      "real": true,
      "note": "real: the host star's catalog position (the observer's vantage)"
    },
    "host_star.luminosity_lsun": {
      "value": 0.2732,
      "real": true,
      "note": "real-derived: from the host's observed absolute magnitude (distance + apparent mag)"
    },
    "host_star.mass_msun": {
      "value": 0.6903,
      "note": "derived: mass-luminosity relation L = M^3.5"
    },
    "host_star.radius_rsun": {
      "value": 0.7434,
      "note": "derived: main-sequence radius R = M^0.8"
    },
    "host_star.teff_k": {
      "value": 4840,
      "note": "derived: Teff = Tsun*(L/R^2)^0.25, consistent with L and R"
    },
    "planet.orbit.a_au": {
      "value": 26.0712,
      "note": "sampled far beyond the outer HZ, where the host's flux < 0.3 S_earth (a small, dim sun)"
    },
    "planet.orbit.e": {
      "value": 0.0507,
      "note": "sampled for a cold distant world"
    },
    "planet.axial_tilt_deg": {
      "value": 19.1716,
      "note": "sampled"
    },
    "planet.rotation_period_s": {
      "value": 64563,
      "note": "sampled"
    },
    "moons": {
      "value": 2,
      "note": "inclined moon orbits (eclipse seasons); periapsis clears Roche, apoapsis within 0.4 R_Hill; adjacent moons mutually Hill-stable (Delta > 3.5)"
    }
  },
  "validation": {
    "ok": true,
    "checks": [
      {
        "name": "bound",
        "ok": true,
        "detail": "e=0.051"
      },
      {
        "name": "not grazing star",
        "ok": true,
        "detail": "periastron 24.749 AU > 0.0173 AU"
      },
      {
        "name": "moon moon a: Roche < periapsis, apoapsis < 0.4 R_Hill",
        "ok": true,
        "detail": "peri 0.00029 > Roche 0.00013; apo 0.00031 < 0.11803 AU"
      },
      {
        "name": "moon moon b: Roche < periapsis, apoapsis < 0.4 R_Hill",
        "ok": true,
        "detail": "peri 0.00068 > Roche 0.00013; apo 0.00072 < 0.11803 AU"
      },
      {
        "name": "moons moon a/moon b mutually Hill-stable",
        "ok": true,
        "detail": "Delta=4.70 (>3.5)"
      },
      {
        "name": "beyond the outer HZ (cold)",
        "ok": true,
        "detail": "a=26.07 > HZ_outer 0.72 AU"
      },
      {
        "name": "dim sun (flux < 0.3 S_earth)",
        "ok": true,
        "detail": "S=4.02e-4 S_earth"
      },
      {
        "name": "not ejected (a < 200 AU, bound)",
        "ok": true,
        "detail": "a=26.1 AU"
      }
    ]
  }
}