{
  "schema_version": "0.1",
  "name": "cold distant #4",
  "world_type": "cold_distant",
  "age_gyr": 6.467310598120093,
  "seed": 3415488887,
  "host_star": {
    "catalog_id": "Gaia DR3 5826168461855385472",
    "galactic_xyz_pc": [
      9.68513711135813,
      -7.609590946555566,
      -1.6269155805756967
    ],
    "space_velocity_kms": [
      -15.751516526513413,
      -17.728863661893786,
      -10.84641211106794
    ],
    "mass_msun": 1.9393073256417115,
    "luminosity_lsun": 10.15694809199487,
    "teff_k": 7906.030318461959,
    "radius_rsun": 1.6987024391664287
  },
  "planet": {
    "radius_km": 6371,
    "mass_mearth": 1,
    "rotation_period_s": 99869.65170688927,
    "axial_tilt_deg": 11.968574810307473,
    "north_pole_inertial": {
      "ra_deg": 0,
      "dec_deg": 78.03142518969253
    },
    "orbit": {
      "a_au": 18.500499029389616,
      "e": 0.13159707384184002,
      "i_deg": 0,
      "Omega_deg": 0,
      "omega_deg": 0,
      "M0_deg": 0,
      "epoch_jd": 2451545
    }
  },
  "moons": [
    {
      "name": "moon a",
      "radius_km": 1730.3055413998663,
      "albedo": 0.26606417739763855,
      "orbit": {
        "a_au": 0.0003057317130718719,
        "e": 0.0831424556323327,
        "i_deg": 5.787703567650169,
        "Omega_deg": 28.18567793816328,
        "omega_deg": 195.71267939172685,
        "M0_deg": 45.56604542769492,
        "epoch_jd": 2451545
      }
    },
    {
      "name": "moon b",
      "radius_km": 1028.7586486898363,
      "albedo": 0.3085261261323467,
      "orbit": {
        "a_au": 0.0007142761032378017,
        "e": 0.12106193007202819,
        "i_deg": 13.467445850837976,
        "Omega_deg": 188.2119144871831,
        "omega_deg": 137.87642508745193,
        "M0_deg": 43.42156710103154,
        "epoch_jd": 2451545
      }
    }
  ],
  "observer": {
    "lat_deg": 0,
    "lon_deg": 0,
    "elevation_m": 0
  },
  "epoch_jd": 2451545,
  "catalog_ref": "catalog/local_volume_300pc.json",
  "provenance": {
    "host": {
      "value": "Gaia DR3 5826168461855385472",
      "real": true,
      "note": "real catalog star Gaia DR3 5826168461855385472: observed galactic position & space velocity; luminosity from its absolute magnitude (M=2.31, BP-RP 0.63)"
    },
    "host_star.galactic_xyz_pc": {
      "real": true,
      "note": "real: the host star's catalog position (the observer's vantage)"
    },
    "host_star.luminosity_lsun": {
      "value": 10.1569,
      "real": true,
      "note": "real-derived: from the host's observed absolute magnitude (distance + apparent mag)"
    },
    "host_star.mass_msun": {
      "value": 1.9393,
      "note": "derived: mass-luminosity relation L = M^3.5"
    },
    "host_star.radius_rsun": {
      "value": 1.6987,
      "note": "derived: main-sequence radius R = M^0.8"
    },
    "host_star.teff_k": {
      "value": 7906,
      "note": "derived: Teff = Tsun*(L/R^2)^0.25, consistent with L and R"
    },
    "planet.orbit.a_au": {
      "value": 18.5005,
      "note": "sampled far beyond the outer HZ, where the host's flux < 0.3 S_earth (a small, dim sun)"
    },
    "planet.orbit.e": {
      "value": 0.1316,
      "note": "sampled for a cold distant world"
    },
    "planet.axial_tilt_deg": {
      "value": 11.9686,
      "note": "sampled"
    },
    "planet.rotation_period_s": {
      "value": 99870,
      "note": "sampled"
    },
    "moons": {
      "value": 2,
      "note": "inclined moon orbits (eclipse seasons); periapsis clears Roche, apoapsis within 0.4 R_Hill; adjacent moons mutually Hill-stable (Delta > 3.5)"
    }
  },
  "validation": {
    "ok": true,
    "checks": [
      {
        "name": "bound",
        "ok": true,
        "detail": "e=0.132"
      },
      {
        "name": "not grazing star",
        "ok": true,
        "detail": "periastron 16.066 AU > 0.0395 AU"
      },
      {
        "name": "moon moon a: Roche < periapsis, apoapsis < 0.4 R_Hill",
        "ok": true,
        "detail": "peri 0.00028 > Roche 0.00013; apo 0.00033 < 0.05936 AU"
      },
      {
        "name": "moon moon b: Roche < periapsis, apoapsis < 0.4 R_Hill",
        "ok": true,
        "detail": "peri 0.00063 > Roche 0.00013; apo 0.00080 < 0.05936 AU"
      },
      {
        "name": "moons moon a/moon b mutually Hill-stable",
        "ok": true,
        "detail": "Delta=4.89 (>3.5)"
      },
      {
        "name": "beyond the outer HZ (cold)",
        "ok": true,
        "detail": "a=18.50 > HZ_outer 4.38 AU"
      },
      {
        "name": "dim sun (flux < 0.3 S_earth)",
        "ok": true,
        "detail": "S=2.97e-2 S_earth"
      },
      {
        "name": "not ejected (a < 200 AU, bound)",
        "ok": true,
        "detail": "a=18.5 AU"
      }
    ]
  }
}