{
  "schema_version": "0.1",
  "name": "cold distant #1",
  "world_type": "cold_distant",
  "age_gyr": 7.283800933510065,
  "seed": 3432266506,
  "host_star": {
    "catalog_id": "HIP10138",
    "galactic_xyz_pc": [
      0.529677847356648,
      -5.102705540898655,
      -9.632516437043655
    ],
    "space_velocity_kms": [
      -100.37234497389453,
      -48.79574692626748,
      20.329611880023208
    ],
    "mass_msun": 0.7486247819965144,
    "luminosity_lsun": 0.3630151069614338,
    "teff_k": 5030.391859751058,
    "radius_rsun": 0.7932523359951023
  },
  "planet": {
    "radius_km": 6371,
    "mass_mearth": 1,
    "rotation_period_s": 36555.889528244734,
    "axial_tilt_deg": 27.36162340035662,
    "north_pole_inertial": {
      "ra_deg": 0,
      "dec_deg": 62.63837659964338
    },
    "orbit": {
      "a_au": 40.7086113084212,
      "e": 0.004001131467521191,
      "i_deg": 0,
      "Omega_deg": 0,
      "omega_deg": 0,
      "M0_deg": 0,
      "epoch_jd": 2451545
    }
  },
  "moons": [
    {
      "name": "moon a",
      "radius_km": 950.0754761509597,
      "albedo": 0.22361355397384614,
      "orbit": {
        "a_au": 0.00037759100961774414,
        "e": 0.09962883882690221,
        "i_deg": 15.399852002505213,
        "Omega_deg": 288.298013638705,
        "omega_deg": 237.87654653191566,
        "M0_deg": 354.6637120563537,
        "epoch_jd": 2451545
      }
    },
    {
      "name": "moon b",
      "radius_km": 1839.0651727095246,
      "albedo": 0.11314944985322654,
      "orbit": {
        "a_au": 0.0009198006730670626,
        "e": 0.1130717841326259,
        "i_deg": 4.505138682667166,
        "Omega_deg": 141.7532319109887,
        "omega_deg": 180.0985949859023,
        "M0_deg": 222.4684806726873,
        "epoch_jd": 2451545
      }
    }
  ],
  "observer": {
    "lat_deg": 0,
    "lon_deg": 0,
    "elevation_m": 0
  },
  "epoch_jd": 2451545,
  "catalog_ref": "catalog/local_volume_300pc.json",
  "provenance": {
    "host": {
      "value": "HIP10138",
      "real": true,
      "note": "real catalog star HIP10138: observed galactic position & space velocity; luminosity from its absolute magnitude (M=5.93, BP-RP 0.81)"
    },
    "host_star.galactic_xyz_pc": {
      "real": true,
      "note": "real: the host star's catalog position (the observer's vantage)"
    },
    "host_star.luminosity_lsun": {
      "value": 0.363,
      "real": true,
      "note": "real-derived: from the host's observed absolute magnitude (distance + apparent mag)"
    },
    "host_star.mass_msun": {
      "value": 0.7486,
      "note": "derived: mass-luminosity relation L = M^3.5"
    },
    "host_star.radius_rsun": {
      "value": 0.7933,
      "note": "derived: main-sequence radius R = M^0.8"
    },
    "host_star.teff_k": {
      "value": 5030,
      "note": "derived: Teff = Tsun*(L/R^2)^0.25, consistent with L and R"
    },
    "planet.orbit.a_au": {
      "value": 40.7086,
      "note": "sampled far beyond the outer HZ, where the host's flux < 0.3 S_earth (a small, dim sun)"
    },
    "planet.orbit.e": {
      "value": 0.004,
      "note": "sampled for a cold distant world"
    },
    "planet.axial_tilt_deg": {
      "value": 27.3616,
      "note": "sampled"
    },
    "planet.rotation_period_s": {
      "value": 36556,
      "note": "sampled"
    },
    "moons": {
      "value": 2,
      "note": "inclined moon orbits (eclipse seasons); periapsis clears Roche, apoapsis within 0.4 R_Hill; adjacent moons mutually Hill-stable (Delta > 3.5)"
    }
  },
  "validation": {
    "ok": true,
    "checks": [
      {
        "name": "bound",
        "ok": true,
        "detail": "e=0.004"
      },
      {
        "name": "not grazing star",
        "ok": true,
        "detail": "periastron 40.546 AU > 0.0184 AU"
      },
      {
        "name": "moon moon a: Roche < periapsis, apoapsis < 0.4 R_Hill",
        "ok": true,
        "detail": "peri 0.00034 > Roche 0.00013; apo 0.00042 < 0.17938 AU"
      },
      {
        "name": "moon moon b: Roche < periapsis, apoapsis < 0.4 R_Hill",
        "ok": true,
        "detail": "peri 0.00082 > Roche 0.00013; apo 0.00102 < 0.17938 AU"
      },
      {
        "name": "moons moon a/moon b mutually Hill-stable",
        "ok": true,
        "detail": "Delta=4.90 (>3.5)"
      },
      {
        "name": "beyond the outer HZ (cold)",
        "ok": true,
        "detail": "a=40.71 > HZ_outer 0.83 AU"
      },
      {
        "name": "dim sun (flux < 0.3 S_earth)",
        "ok": true,
        "detail": "S=2.19e-4 S_earth"
      },
      {
        "name": "not ejected (a < 200 AU, bound)",
        "ok": true,
        "detail": "a=40.7 AU"
      }
    ]
  }
}