{
  "schema_version": "0.1",
  "name": "eccentric #4",
  "world_type": "eccentric",
  "age_gyr": 7.233423721045256,
  "seed": 3915095525,
  "host_star": {
    "catalog_id": "Gaia DR3 3732539683617410816",
    "galactic_xyz_pc": [
      4.484085152641157,
      -3.4052615106161377,
      16.64775836483744
    ],
    "space_velocity_kms": [
      -37.982947455925704,
      1.5623674365987563,
      -18.21679688876035
    ],
    "mass_msun": 1.3060099242670338,
    "luminosity_lsun": 2.5457319309591186,
    "teff_k": 6552.407504602517,
    "radius_rsun": 1.23810415680301
  },
  "planet": {
    "radius_km": 6371,
    "mass_mearth": 1,
    "rotation_period_s": 44658.12988523394,
    "axial_tilt_deg": 25.97933602053672,
    "north_pole_inertial": {
      "ra_deg": 0,
      "dec_deg": 64.02066397946328
    },
    "orbit": {
      "a_au": 1.7570545777531128,
      "e": 0.41795395986409856,
      "i_deg": 0,
      "Omega_deg": 0,
      "omega_deg": 0,
      "M0_deg": 0,
      "epoch_jd": 2451545
    }
  },
  "moons": [
    {
      "name": "moon a",
      "radius_km": 1216.7061191052198,
      "albedo": 0.29301270260009915,
      "orbit": {
        "a_au": 0.00023618289114528905,
        "e": 0.23871703043114392,
        "i_deg": 3.9697518795728683,
        "Omega_deg": 54.5626765396446,
        "omega_deg": 46.61408565938473,
        "M0_deg": 145.09705178439617,
        "epoch_jd": 2451545
      }
    }
  ],
  "observer": {
    "lat_deg": 0,
    "lon_deg": 0,
    "elevation_m": 0
  },
  "epoch_jd": 2451545,
  "catalog_ref": "catalog/local_volume_300pc.json",
  "provenance": {
    "host": {
      "value": "Gaia DR3 3732539683617410816",
      "real": true,
      "note": "real catalog star Gaia DR3 3732539683617410816: observed galactic position & space velocity; luminosity from its absolute magnitude (M=3.82, BP-RP 0.76)"
    },
    "host_star.galactic_xyz_pc": {
      "real": true,
      "note": "real: the host star's catalog position (the observer's vantage)"
    },
    "host_star.luminosity_lsun": {
      "value": 2.5457,
      "real": true,
      "note": "real-derived: from the host's observed absolute magnitude (distance + apparent mag)"
    },
    "host_star.mass_msun": {
      "value": 1.306,
      "note": "derived: mass-luminosity relation L = M^3.5"
    },
    "host_star.radius_rsun": {
      "value": 1.2381,
      "note": "derived: main-sequence radius R = M^0.8"
    },
    "host_star.teff_k": {
      "value": 6552,
      "note": "derived: Teff = Tsun*(L/R^2)^0.25, consistent with L and R"
    },
    "planet.orbit.a_au": {
      "value": 1.7571,
      "note": "semi-major axis near the host's HZ; the apparent sun then pulses in size over the year"
    },
    "planet.orbit.e": {
      "value": 0.418,
      "note": "sampled for a eccentric world"
    },
    "planet.axial_tilt_deg": {
      "value": 25.9793,
      "note": "sampled"
    },
    "planet.rotation_period_s": {
      "value": 44658,
      "note": "sampled"
    },
    "moons": {
      "value": 1,
      "note": "eccentric moon: apparent size cycles over the orbit; periapsis clears Roche (checked at a(1-e))"
    }
  },
  "validation": {
    "ok": true,
    "checks": [
      {
        "name": "bound",
        "ok": true,
        "detail": "e=0.418"
      },
      {
        "name": "not grazing star",
        "ok": true,
        "detail": "periastron 1.023 AU > 0.0288 AU"
      },
      {
        "name": "moon moon a: Roche < periapsis, apoapsis < 0.4 R_Hill",
        "ok": true,
        "detail": "peri 0.00018 > Roche 0.00013; apo 0.00029 < 0.00643 AU"
      },
      {
        "name": "high eccentricity",
        "ok": true,
        "detail": "e=0.418"
      }
    ]
  }
}