{
  "schema_version": "0.1",
  "name": "habitable #2",
  "world_type": "habitable",
  "age_gyr": 2.781555712223053,
  "seed": 2475230369,
  "host_star": {
    "catalog_id": "HIP88601",
    "galactic_xyz_pc": [
      4.3227972292999395,
      2.485060463725121,
      1.0024039750576517
    ],
    "space_velocity_kms": [
      11.874446823545322,
      -15.406825103358678,
      -13.012651802040871
    ],
    "mass_msun": 0.8387669337475182,
    "luminosity_lsun": 0.5404363524065522,
    "teff_k": 5309.528306475095,
    "radius_rsun": 0.8687864542068026
  },
  "planet": {
    "radius_km": 6371,
    "mass_mearth": 1,
    "rotation_period_s": 122142.7589289844,
    "axial_tilt_deg": 9.312991624465212,
    "north_pole_inertial": {
      "ra_deg": 0,
      "dec_deg": 80.68700837553479
    },
    "orbit": {
      "a_au": 0.9482999482602845,
      "e": 0.016660051280632616,
      "i_deg": 0,
      "Omega_deg": 0,
      "omega_deg": 0,
      "M0_deg": 0,
      "epoch_jd": 2451545
    }
  },
  "moons": [
    {
      "name": "moon a",
      "radius_km": 1159.0944931842387,
      "albedo": 0.2775942267663777,
      "orbit": {
        "a_au": 0.00029348034719927534,
        "e": 0.031163036799989642,
        "i_deg": 10.539702080190182,
        "Omega_deg": 222.81846553087234,
        "omega_deg": 340.3876642975956,
        "M0_deg": 181.30676904693246,
        "epoch_jd": 2451545
      }
    },
    {
      "name": "moon b",
      "radius_km": 1558.3383817225695,
      "albedo": 0.23765360633842647,
      "orbit": {
        "a_au": 0.0007024347526431783,
        "e": 0.029419179353863,
        "i_deg": 5.9397762808948755,
        "Omega_deg": 343.4665953274816,
        "omega_deg": 295.4806753434241,
        "M0_deg": 293.7852306570858,
        "epoch_jd": 2451545
      }
    }
  ],
  "observer": {
    "lat_deg": 0,
    "lon_deg": 0,
    "elevation_m": 0
  },
  "epoch_jd": 2451545,
  "catalog_ref": "catalog/local_volume_300pc.json",
  "provenance": {
    "host": {
      "value": "HIP88601",
      "real": true,
      "note": "real catalog star HIP88601: observed galactic position & space velocity; luminosity from its absolute magnitude (M=5.50, BP-RP 0.86)"
    },
    "host_star.galactic_xyz_pc": {
      "real": true,
      "note": "real: the host star's catalog position (the observer's vantage)"
    },
    "host_star.luminosity_lsun": {
      "value": 0.5404,
      "real": true,
      "note": "real-derived: from the host's observed absolute magnitude (distance + apparent mag)"
    },
    "host_star.mass_msun": {
      "value": 0.8388,
      "note": "derived: mass-luminosity relation L = M^3.5"
    },
    "host_star.radius_rsun": {
      "value": 0.8688,
      "note": "derived: main-sequence radius R = M^0.8"
    },
    "host_star.teff_k": {
      "value": 5310,
      "note": "derived: Teff = Tsun*(L/R^2)^0.25, consistent with L and R"
    },
    "planet.orbit.a_au": {
      "value": 0.9483,
      "note": "sampled in the host's habitable zone [0.701, 1.010] AU"
    },
    "planet.orbit.e": {
      "value": 0.0167,
      "note": "sampled for a habitable world"
    },
    "planet.axial_tilt_deg": {
      "value": 9.313,
      "note": "sampled"
    },
    "planet.rotation_period_s": {
      "value": 122143,
      "note": "sampled"
    },
    "moons": {
      "value": 2,
      "note": "inclined moon orbits (eclipse seasons); periapsis clears Roche, apoapsis within 0.4 R_Hill; adjacent moons mutually Hill-stable (Delta > 3.5)"
    }
  },
  "validation": {
    "ok": true,
    "checks": [
      {
        "name": "bound",
        "ok": true,
        "detail": "e=0.017"
      },
      {
        "name": "not grazing star",
        "ok": true,
        "detail": "periastron 0.933 AU > 0.0202 AU"
      },
      {
        "name": "moon moon a: Roche < periapsis, apoapsis < 0.4 R_Hill",
        "ok": true,
        "detail": "peri 0.00028 > Roche 0.00013; apo 0.00030 < 0.00402 AU"
      },
      {
        "name": "moon moon b: Roche < periapsis, apoapsis < 0.4 R_Hill",
        "ok": true,
        "detail": "peri 0.00068 > Roche 0.00013; apo 0.00072 < 0.00402 AU"
      },
      {
        "name": "moons moon a/moon b mutually Hill-stable",
        "ok": true,
        "detail": "Delta=5.29 (>3.5)"
      },
      {
        "name": "in habitable zone",
        "ok": true,
        "detail": "a=0.948 in [0.701, 1.010] AU"
      },
      {
        "name": "low eccentricity",
        "ok": true,
        "detail": "e=0.017"
      },
      {
        "name": "sane obliquity",
        "ok": true,
        "detail": "9.3 deg"
      },
      {
        "name": "has a day (not tide-locked)",
        "ok": true,
        "detail": "tau_lock 1.71e+2 Gyr > age 2.781555712223053 Gyr"
      }
    ]
  }
}