{
  "schema_version": "0.1",
  "name": "high obliquity #3",
  "world_type": "high_obliquity",
  "age_gyr": 7.959939954802394,
  "seed": 957993919,
  "host_star": {
    "catalog_id": "HIP14879",
    "galactic_xyz_pc": [
      -5.159105161221803,
      -5.110781321564572,
      -12.100476056659092
    ],
    "space_velocity_kms": [
      -44.457512957109294,
      10.236907438484355,
      14.631026779106529
    ],
    "mass_msun": 1.596611846497983,
    "luminosity_lsun": 5.142777268249267,
    "teff_k": 7208.518417425638,
    "radius_rsun": 1.4539834991027338
  },
  "planet": {
    "radius_km": 6371,
    "mass_mearth": 1,
    "rotation_period_s": 70122.78971169144,
    "axial_tilt_deg": 94.79714483954012,
    "north_pole_inertial": {
      "ra_deg": 0,
      "dec_deg": -4.797144839540124
    },
    "orbit": {
      "a_au": 4.299456231754752,
      "e": 0.07669855300337076,
      "i_deg": 0,
      "Omega_deg": 0,
      "omega_deg": 0,
      "M0_deg": 0,
      "epoch_jd": 2451545
    }
  },
  "moons": [
    {
      "name": "moon a",
      "radius_km": 1632.6213881373405,
      "albedo": 0.13458754267543555,
      "orbit": {
        "a_au": 0.00023829476363338952,
        "e": 0.043554522993508725,
        "i_deg": 11.813173851929605,
        "Omega_deg": 16.85060472227633,
        "omega_deg": 342.2656154539436,
        "M0_deg": 233.15705006942153,
        "epoch_jd": 2451545
      }
    },
    {
      "name": "moon b",
      "radius_km": 859.2789450660348,
      "albedo": 0.10495375976432114,
      "orbit": {
        "a_au": 0.0006333497506081554,
        "e": 0.09311006743228063,
        "i_deg": 24.08341374900192,
        "Omega_deg": 40.38873343728483,
        "omega_deg": 182.9149310477078,
        "M0_deg": 329.8845984041691,
        "epoch_jd": 2451545
      }
    }
  ],
  "observer": {
    "lat_deg": 0,
    "lon_deg": 0,
    "elevation_m": 0
  },
  "epoch_jd": 2451545,
  "catalog_ref": "catalog/local_volume_300pc.json",
  "provenance": {
    "host": {
      "value": "HIP14879",
      "real": true,
      "note": "real catalog star HIP14879: observed galactic position & space velocity; luminosity from its absolute magnitude (M=3.05, BP-RP 0.54)"
    },
    "host_star.galactic_xyz_pc": {
      "real": true,
      "note": "real: the host star's catalog position (the observer's vantage)"
    },
    "host_star.luminosity_lsun": {
      "value": 5.1428,
      "real": true,
      "note": "real-derived: from the host's observed absolute magnitude (distance + apparent mag)"
    },
    "host_star.mass_msun": {
      "value": 1.5966,
      "note": "derived: mass-luminosity relation L = M^3.5"
    },
    "host_star.radius_rsun": {
      "value": 1.454,
      "note": "derived: main-sequence radius R = M^0.8"
    },
    "host_star.teff_k": {
      "value": 7209,
      "note": "derived: Teff = Tsun*(L/R^2)^0.25, consistent with L and R"
    },
    "planet.orbit.a_au": {
      "value": 4.2995,
      "note": "sampled near the host's habitable zone"
    },
    "planet.orbit.e": {
      "value": 0.0767,
      "note": "sampled for a high obliquity world"
    },
    "planet.axial_tilt_deg": {
      "value": 94.7971,
      "note": "sampled > 45 deg (extreme obliquity)"
    },
    "planet.rotation_period_s": {
      "value": 70123,
      "note": "sampled"
    },
    "moons": {
      "value": 2,
      "note": "inclined moon orbits (eclipse seasons); periapsis clears Roche, apoapsis within 0.4 R_Hill; adjacent moons mutually Hill-stable (Delta > 3.5)"
    }
  },
  "validation": {
    "ok": true,
    "checks": [
      {
        "name": "bound",
        "ok": true,
        "detail": "e=0.077"
      },
      {
        "name": "not grazing star",
        "ok": true,
        "detail": "periastron 3.970 AU > 0.0338 AU"
      },
      {
        "name": "moon moon a: Roche < periapsis, apoapsis < 0.4 R_Hill",
        "ok": true,
        "detail": "peri 0.00023 > Roche 0.00013; apo 0.00025 < 0.01472 AU"
      },
      {
        "name": "moon moon b: Roche < periapsis, apoapsis < 0.4 R_Hill",
        "ok": true,
        "detail": "peri 0.00057 > Roche 0.00013; apo 0.00069 < 0.01472 AU"
      },
      {
        "name": "moons moon a/moon b mutually Hill-stable",
        "ok": true,
        "detail": "Delta=5.97 (>3.5)"
      },
      {
        "name": "extreme obliquity (>45 deg)",
        "ok": true,
        "detail": "94.8 deg"
      }
    ]
  }
}