{
  "schema_version": "0.1",
  "name": "high obliquity #4",
  "world_type": "high_obliquity",
  "age_gyr": 5.377360250800848,
  "seed": 941216300,
  "host_star": {
    "catalog_id": "Gaia DR3 1333760419707327744",
    "galactic_xyz_pc": [
      6.914090883882402,
      10.196974419197371,
      7.790622660172877
    ],
    "space_velocity_kms": [
      26.593023102729266,
      -81.3284755684186,
      -64.09680449944224
    ],
    "mass_msun": 1.122285362692571,
    "luminosity_lsun": 1.4974817747729365,
    "teff_k": 6097.12907866669,
    "radius_rsun": 1.0966868574309652
  },
  "planet": {
    "radius_km": 6371,
    "mass_mearth": 1,
    "rotation_period_s": 81315.26411175728,
    "axial_tilt_deg": 61.99278707616031,
    "north_pole_inertial": {
      "ra_deg": 0,
      "dec_deg": 28.00721292383969
    },
    "orbit": {
      "a_au": 1.6500654224913265,
      "e": 0.0399765327339992,
      "i_deg": 0,
      "Omega_deg": 0,
      "omega_deg": 0,
      "M0_deg": 0,
      "epoch_jd": 2451545
    }
  },
  "moons": [
    {
      "name": "moon a",
      "radius_km": 1246.4210742153227,
      "albedo": 0.23126669033430516,
      "orbit": {
        "a_au": 0.00036791756372940316,
        "e": 0.019412596710026264,
        "i_deg": 3.7838896522298455,
        "Omega_deg": 254.3193563260138,
        "omega_deg": 42.96132953837514,
        "M0_deg": 29.877939764410257,
        "epoch_jd": 2451545
      }
    }
  ],
  "observer": {
    "lat_deg": 0,
    "lon_deg": 0,
    "elevation_m": 0
  },
  "epoch_jd": 2451545,
  "catalog_ref": "catalog/local_volume_300pc.json",
  "provenance": {
    "host": {
      "value": "Gaia DR3 1333760419707327744",
      "real": true,
      "note": "real catalog star Gaia DR3 1333760419707327744: observed galactic position & space velocity; luminosity from its absolute magnitude (M=4.39, BP-RP 0.82)"
    },
    "host_star.galactic_xyz_pc": {
      "real": true,
      "note": "real: the host star's catalog position (the observer's vantage)"
    },
    "host_star.luminosity_lsun": {
      "value": 1.4975,
      "real": true,
      "note": "real-derived: from the host's observed absolute magnitude (distance + apparent mag)"
    },
    "host_star.mass_msun": {
      "value": 1.1223,
      "note": "derived: mass-luminosity relation L = M^3.5"
    },
    "host_star.radius_rsun": {
      "value": 1.0967,
      "note": "derived: main-sequence radius R = M^0.8"
    },
    "host_star.teff_k": {
      "value": 6097,
      "note": "derived: Teff = Tsun*(L/R^2)^0.25, consistent with L and R"
    },
    "planet.orbit.a_au": {
      "value": 1.6501,
      "note": "sampled near the host's habitable zone"
    },
    "planet.orbit.e": {
      "value": 0.04,
      "note": "sampled for a high obliquity world"
    },
    "planet.axial_tilt_deg": {
      "value": 61.9928,
      "note": "sampled > 45 deg (extreme obliquity)"
    },
    "planet.rotation_period_s": {
      "value": 81315,
      "note": "sampled"
    },
    "moons": {
      "value": 1,
      "note": "inclined moon orbits (eclipse seasons); periapsis clears Roche, apoapsis within 0.4 R_Hill; adjacent moons mutually Hill-stable (Delta > 3.5)"
    }
  },
  "validation": {
    "ok": true,
    "checks": [
      {
        "name": "bound",
        "ok": true,
        "detail": "e=0.040"
      },
      {
        "name": "not grazing star",
        "ok": true,
        "detail": "periastron 1.584 AU > 0.0255 AU"
      },
      {
        "name": "moon moon a: Roche < periapsis, apoapsis < 0.4 R_Hill",
        "ok": true,
        "detail": "peri 0.00036 > Roche 0.00013; apo 0.00038 < 0.00635 AU"
      },
      {
        "name": "extreme obliquity (>45 deg)",
        "ok": true,
        "detail": "62.0 deg"
      }
    ]
  }
}