{
  "schema_version": "0.1",
  "name": "high obliquity #1",
  "world_type": "high_obliquity",
  "age_gyr": 6.057869244366884,
  "seed": 991549157,
  "host_star": {
    "catalog_id": "Gaia DR3 5117974602912370432",
    "galactic_xyz_pc": [
      -3.54779065228813,
      -2.4336148037599075,
      -12.08936838132383
    ],
    "space_velocity_kms": [
      -11.108961971714825,
      27.16281643236321,
      -9.927410171616977
    ],
    "mass_msun": 0.815212644888041,
    "luminosity_lsun": 0.48915689108489296,
    "teff_k": 5238.174999636847,
    "radius_rsun": 0.849213180121714
  },
  "planet": {
    "radius_km": 6371,
    "mass_mearth": 1,
    "rotation_period_s": 96583.62622596323,
    "axial_tilt_deg": 69.20133139938116,
    "north_pole_inertial": {
      "ra_deg": 0,
      "dec_deg": 20.79866860061884
    },
    "orbit": {
      "a_au": 0.9260196944532482,
      "e": 0.04229948907159269,
      "i_deg": 0,
      "Omega_deg": 0,
      "omega_deg": 0,
      "M0_deg": 0,
      "epoch_jd": 2451545
    }
  },
  "moons": [
    {
      "name": "moon a",
      "radius_km": 1475.082570873201,
      "albedo": 0.16420041307341307,
      "orbit": {
        "a_au": 0.00036857468836894397,
        "e": 0.042906234995462,
        "i_deg": 27.840341430157423,
        "Omega_deg": 154.33420093730092,
        "omega_deg": 284.7890948317945,
        "M0_deg": 70.79666789621115,
        "epoch_jd": 2451545
      }
    },
    {
      "name": "moon b",
      "radius_km": 1783.9293492026627,
      "albedo": 0.15291447862517088,
      "orbit": {
        "a_au": 0.0007966690160291126,
        "e": 0.14762522050878032,
        "i_deg": 20.733299483545125,
        "Omega_deg": 246.14598417654634,
        "omega_deg": 290.13740921393037,
        "M0_deg": 320.1874406822026,
        "epoch_jd": 2451545
      }
    }
  ],
  "observer": {
    "lat_deg": 0,
    "lon_deg": 0,
    "elevation_m": 0
  },
  "epoch_jd": 2451545,
  "catalog_ref": "catalog/local_volume_300pc.json",
  "provenance": {
    "host": {
      "value": "Gaia DR3 5117974602912370432",
      "real": true,
      "note": "real catalog star Gaia DR3 5117974602912370432: observed galactic position & space velocity; luminosity from its absolute magnitude (M=5.61, BP-RP 0.92)"
    },
    "host_star.galactic_xyz_pc": {
      "real": true,
      "note": "real: the host star's catalog position (the observer's vantage)"
    },
    "host_star.luminosity_lsun": {
      "value": 0.4892,
      "real": true,
      "note": "real-derived: from the host's observed absolute magnitude (distance + apparent mag)"
    },
    "host_star.mass_msun": {
      "value": 0.8152,
      "note": "derived: mass-luminosity relation L = M^3.5"
    },
    "host_star.radius_rsun": {
      "value": 0.8492,
      "note": "derived: main-sequence radius R = M^0.8"
    },
    "host_star.teff_k": {
      "value": 5238,
      "note": "derived: Teff = Tsun*(L/R^2)^0.25, consistent with L and R"
    },
    "planet.orbit.a_au": {
      "value": 0.926,
      "note": "sampled near the host's habitable zone"
    },
    "planet.orbit.e": {
      "value": 0.0423,
      "note": "sampled for a high obliquity world"
    },
    "planet.axial_tilt_deg": {
      "value": 69.2013,
      "note": "sampled > 45 deg (extreme obliquity)"
    },
    "planet.rotation_period_s": {
      "value": 96584,
      "note": "sampled"
    },
    "moons": {
      "value": 2,
      "note": "inclined moon orbits (eclipse seasons); periapsis clears Roche, apoapsis within 0.4 R_Hill; adjacent moons mutually Hill-stable (Delta > 3.5)"
    }
  },
  "validation": {
    "ok": true,
    "checks": [
      {
        "name": "bound",
        "ok": true,
        "detail": "e=0.042"
      },
      {
        "name": "not grazing star",
        "ok": true,
        "detail": "periastron 0.887 AU > 0.0197 AU"
      },
      {
        "name": "moon moon a: Roche < periapsis, apoapsis < 0.4 R_Hill",
        "ok": true,
        "detail": "peri 0.00035 > Roche 0.00013; apo 0.00038 < 0.00397 AU"
      },
      {
        "name": "moon moon b: Roche < periapsis, apoapsis < 0.4 R_Hill",
        "ok": true,
        "detail": "peri 0.00068 > Roche 0.00013; apo 0.00091 < 0.00397 AU"
      },
      {
        "name": "moons moon a/moon b mutually Hill-stable",
        "ok": true,
        "detail": "Delta=3.99 (>3.5)"
      },
      {
        "name": "extreme obliquity (>45 deg)",
        "ok": true,
        "detail": "69.2 deg"
      }
    ]
  }
}