{
  "schema_version": "0.1",
  "name": "multi moon #1",
  "world_type": "multi_moon",
  "age_gyr": 2.5497658867388964,
  "seed": 3530134245,
  "host_star": {
    "catalog_id": "HIP47592",
    "galactic_xyz_pc": [
      -3.1856219942623807,
      -13.473809831900663,
      5.460486158090195
    ],
    "space_velocity_kms": [
      -32.75415677279675,
      5.2558458764527165,
      -6.139763640672204
    ],
    "mass_msun": 1.2225158582130382,
    "luminosity_lsun": 2.0201831989020484,
    "teff_k": 6349.9778529480445,
    "radius_rsun": 1.1743663568705982
  },
  "planet": {
    "radius_km": 6201.221031136811,
    "mass_mearth": 2.568663139594719,
    "rotation_period_s": 57511.23947259039,
    "axial_tilt_deg": 5.225926560815424,
    "north_pole_inertial": {
      "ra_deg": 0,
      "dec_deg": 84.77407343918458
    },
    "orbit": {
      "a_au": 1.6912919817702383,
      "e": 0.019413307332433762,
      "i_deg": 0,
      "Omega_deg": 0,
      "omega_deg": 0,
      "M0_deg": 0,
      "epoch_jd": 2451545
    }
  },
  "moons": [
    {
      "name": "moon a",
      "radius_km": 1018.0674701929092,
      "albedo": 0.1604108501970768,
      "orbit": {
        "a_au": 0.00034767063476925063,
        "e": 0.021340016704052688,
        "i_deg": 13.274338852614164,
        "Omega_deg": 52.41047378629446,
        "omega_deg": 333.9434938598424,
        "M0_deg": 4.542758669704199,
        "epoch_jd": 2451545
      }
    },
    {
      "name": "moon b",
      "radius_km": 890.8849157392979,
      "albedo": 0.1912269903253764,
      "orbit": {
        "a_au": 0.0005518927313711601,
        "e": 0.04798381989821792,
        "i_deg": 10.050834234803915,
        "Omega_deg": 290.87213365361094,
        "omega_deg": 190.98044025711715,
        "M0_deg": 202.17272071167827,
        "epoch_jd": 2451545
      }
    },
    {
      "name": "moon c",
      "radius_km": 728.6076361313462,
      "albedo": 0.09827385222073645,
      "orbit": {
        "a_au": 0.0008760751023521826,
        "e": 0.018150591515004637,
        "i_deg": 14.518591839820147,
        "Omega_deg": 68.34777569398284,
        "omega_deg": 292.24981393665075,
        "M0_deg": 37.40606328472495,
        "epoch_jd": 2451545
      }
    }
  ],
  "observer": {
    "lat_deg": 0,
    "lon_deg": 0,
    "elevation_m": 0
  },
  "epoch_jd": 2451545,
  "catalog_ref": "catalog/local_volume_300pc.json",
  "provenance": {
    "host": {
      "value": "HIP47592",
      "real": true,
      "note": "real catalog star HIP47592: observed galactic position & space velocity; luminosity from its absolute magnitude (M=4.07, BP-RP 0.53)"
    },
    "host_star.galactic_xyz_pc": {
      "real": true,
      "note": "real: the host star's catalog position (the observer's vantage)"
    },
    "host_star.luminosity_lsun": {
      "value": 2.0202,
      "real": true,
      "note": "real-derived: from the host's observed absolute magnitude (distance + apparent mag)"
    },
    "host_star.mass_msun": {
      "value": 1.2225,
      "note": "derived: mass-luminosity relation L = M^3.5"
    },
    "host_star.radius_rsun": {
      "value": 1.1744,
      "note": "derived: main-sequence radius R = M^0.8"
    },
    "host_star.teff_k": {
      "value": 6350,
      "note": "derived: Teff = Tsun*(L/R^2)^0.25, consistent with L and R"
    },
    "planet.orbit.a_au": {
      "value": 1.6913,
      "note": "sampled near the host's habitable zone"
    },
    "planet.orbit.e": {
      "value": 0.0194,
      "note": "sampled for a multi moon world"
    },
    "planet.axial_tilt_deg": {
      "value": 5.2259,
      "note": "sampled"
    },
    "planet.rotation_period_s": {
      "value": 57511,
      "note": "sampled"
    },
    "moons": {
      "value": 3,
      "note": "near-2:1 resonant chain (Laplace-type: recurring multi-moon alignments); inclined orbits -> eclipse seasons; adjacent moons mutually Hill-stable"
    }
  },
  "validation": {
    "ok": true,
    "checks": [
      {
        "name": "bound",
        "ok": true,
        "detail": "e=0.019"
      },
      {
        "name": "not grazing star",
        "ok": true,
        "detail": "periastron 1.658 AU > 0.0273 AU"
      },
      {
        "name": "moon moon a: Roche < periapsis, apoapsis < 0.4 R_Hill",
        "ok": true,
        "detail": "peri 0.00034 > Roche 0.00017; apo 0.00036 < 0.00867 AU"
      },
      {
        "name": "moon moon b: Roche < periapsis, apoapsis < 0.4 R_Hill",
        "ok": true,
        "detail": "peri 0.00053 > Roche 0.00017; apo 0.00058 < 0.00867 AU"
      },
      {
        "name": "moon moon c: Roche < periapsis, apoapsis < 0.4 R_Hill",
        "ok": true,
        "detail": "peri 0.00086 > Roche 0.00017; apo 0.00089 < 0.00867 AU"
      },
      {
        "name": "moons moon a/moon b mutually Hill-stable",
        "ok": true,
        "detail": "Delta=5.79 (>3.5)"
      },
      {
        "name": "moons moon b/moon c mutually Hill-stable",
        "ok": true,
        "detail": "Delta=6.79 (>3.5)"
      },
      {
        "name": ">= 2 moons",
        "ok": true,
        "detail": "3 moons"
      }
    ]
  }
}