{
  "schema_version": "0.1",
  "name": "multi moon #2",
  "world_type": "multi_moon",
  "age_gyr": 8.377456730231643,
  "seed": 3513356626,
  "host_star": {
    "catalog_id": "HIP95447",
    "galactic_xyz_pc": [
      10.254172551892857,
      11.140347037757012,
      -0.49341595919313974
    ],
    "space_velocity_kms": [
      -48.51696300271561,
      43.60586540772823,
      -23.74636770766698
    ],
    "mass_msun": 1.1593724954499574,
    "luminosity_lsun": 1.6779556424697903,
    "teff_k": 6192.018484612936,
    "radius_rsun": 1.1255852529626411
  },
  "planet": {
    "radius_km": 7157.366266474128,
    "mass_mearth": 2.714165880228393,
    "rotation_period_s": 59610.938224196434,
    "axial_tilt_deg": 17.7086392021738,
    "north_pole_inertial": {
      "ra_deg": 0,
      "dec_deg": 72.2913607978262
    },
    "orbit": {
      "a_au": 2.2589878698612518,
      "e": 0.03672659943113104,
      "i_deg": 0,
      "Omega_deg": 0,
      "omega_deg": 0,
      "M0_deg": 0,
      "epoch_jd": 2451545
    }
  },
  "moons": [
    {
      "name": "moon a",
      "radius_km": 1269.7667613625526,
      "albedo": 0.066949576693587,
      "orbit": {
        "a_au": 0.00036540791205595967,
        "e": 0.049791200645267965,
        "i_deg": 14.289689134806395,
        "Omega_deg": 343.0610858928412,
        "omega_deg": 301.91106987185776,
        "M0_deg": 92.56463983096182,
        "epoch_jd": 2451545
      }
    },
    {
      "name": "moon b",
      "radius_km": 1157.5700469315052,
      "albedo": 0.20255281289108099,
      "orbit": {
        "a_au": 0.0005800489039951337,
        "e": 0.01595409482717514,
        "i_deg": 7.880357474088669,
        "Omega_deg": 130.99015661515296,
        "omega_deg": 332.11510808207095,
        "M0_deg": 165.24175736121833,
        "epoch_jd": 2451545
      }
    },
    {
      "name": "moon c",
      "radius_km": 1276.8956499174237,
      "albedo": 0.2544982881937176,
      "orbit": {
        "a_au": 0.0009207702403948765,
        "e": 0.03091357646510005,
        "i_deg": 17.228199928998947,
        "Omega_deg": 112.58888086304069,
        "omega_deg": 58.38139316998422,
        "M0_deg": 266.50854061357677,
        "epoch_jd": 2451545
      }
    },
    {
      "name": "moon d",
      "radius_km": 1028.520556166768,
      "albedo": 0.31839831619057807,
      "orbit": {
        "a_au": 0.001461631648223839,
        "e": 0.05645248206332326,
        "i_deg": 6.888925474137068,
        "Omega_deg": 14.325689328834414,
        "omega_deg": 312.637936770916,
        "M0_deg": 254.3078567739576,
        "epoch_jd": 2451545
      }
    }
  ],
  "observer": {
    "lat_deg": 0,
    "lon_deg": 0,
    "elevation_m": 0
  },
  "epoch_jd": 2451545,
  "catalog_ref": "catalog/local_volume_300pc.json",
  "provenance": {
    "host": {
      "value": "HIP95447",
      "real": true,
      "note": "real catalog star HIP95447: observed galactic position & space velocity; luminosity from its absolute magnitude (M=4.27, BP-RP 0.76)"
    },
    "host_star.galactic_xyz_pc": {
      "real": true,
      "note": "real: the host star's catalog position (the observer's vantage)"
    },
    "host_star.luminosity_lsun": {
      "value": 1.678,
      "real": true,
      "note": "real-derived: from the host's observed absolute magnitude (distance + apparent mag)"
    },
    "host_star.mass_msun": {
      "value": 1.1594,
      "note": "derived: mass-luminosity relation L = M^3.5"
    },
    "host_star.radius_rsun": {
      "value": 1.1256,
      "note": "derived: main-sequence radius R = M^0.8"
    },
    "host_star.teff_k": {
      "value": 6192,
      "note": "derived: Teff = Tsun*(L/R^2)^0.25, consistent with L and R"
    },
    "planet.orbit.a_au": {
      "value": 2.259,
      "note": "sampled near the host's habitable zone"
    },
    "planet.orbit.e": {
      "value": 0.0367,
      "note": "sampled for a multi moon world"
    },
    "planet.axial_tilt_deg": {
      "value": 17.7086,
      "note": "sampled"
    },
    "planet.rotation_period_s": {
      "value": 59611,
      "note": "sampled"
    },
    "moons": {
      "value": 4,
      "note": "near-2:1 resonant chain (Laplace-type: recurring multi-moon alignments); inclined orbits -> eclipse seasons; adjacent moons mutually Hill-stable"
    }
  },
  "validation": {
    "ok": true,
    "checks": [
      {
        "name": "bound",
        "ok": true,
        "detail": "e=0.037"
      },
      {
        "name": "not grazing star",
        "ok": true,
        "detail": "periastron 2.176 AU > 0.0262 AU"
      },
      {
        "name": "moon moon a: Roche < periapsis, apoapsis < 0.4 R_Hill",
        "ok": true,
        "detail": "peri 0.00035 > Roche 0.00018; apo 0.00038 < 0.01200 AU"
      },
      {
        "name": "moon moon b: Roche < periapsis, apoapsis < 0.4 R_Hill",
        "ok": true,
        "detail": "peri 0.00057 > Roche 0.00018; apo 0.00059 < 0.01200 AU"
      },
      {
        "name": "moon moon c: Roche < periapsis, apoapsis < 0.4 R_Hill",
        "ok": true,
        "detail": "peri 0.00089 > Roche 0.00018; apo 0.00095 < 0.01200 AU"
      },
      {
        "name": "moon moon d: Roche < periapsis, apoapsis < 0.4 R_Hill",
        "ok": true,
        "detail": "peri 0.00138 > Roche 0.00018; apo 0.00154 < 0.01200 AU"
      },
      {
        "name": "moons moon a/moon b mutually Hill-stable",
        "ok": true,
        "detail": "Delta=4.65 (>3.5)"
      },
      {
        "name": "moons moon b/moon c mutually Hill-stable",
        "ok": true,
        "detail": "Delta=4.64 (>3.5)"
      },
      {
        "name": "moons moon c/moon d mutually Hill-stable",
        "ok": true,
        "detail": "Delta=4.85 (>3.5)"
      },
      {
        "name": ">= 2 moons",
        "ok": true,
        "detail": "4 moons"
      }
    ]
  }
}