{
  "schema_version": "0.1",
  "name": "multi moon #4",
  "world_type": "multi_moon",
  "age_gyr": 6.018398327752948,
  "seed": 3479801388,
  "host_star": {
    "catalog_id": "Gaia DR3 1384195086792268800",
    "galactic_xyz_pc": [
      3.851417065204406,
      9.391149564328522,
      12.232795175264394
    ],
    "space_velocity_kms": [
      -41.49934033993682,
      10.946399218415339,
      -68.09355951070995
    ],
    "mass_msun": 1.4500543054895871,
    "luminosity_lsun": 3.6715118566357483,
    "teff_k": 6886.266870014375,
    "radius_rsun": 1.3461932658396625
  },
  "planet": {
    "radius_km": 5643.560534343123,
    "mass_mearth": 1.6938613422680646,
    "rotation_period_s": 68872.95915596187,
    "axial_tilt_deg": 28.576742294244468,
    "north_pole_inertial": {
      "ra_deg": 0,
      "dec_deg": 61.42325770575553
    },
    "orbit": {
      "a_au": 2.504949462162203,
      "e": 0.023778027947992088,
      "i_deg": 0,
      "Omega_deg": 0,
      "omega_deg": 0,
      "M0_deg": 0,
      "epoch_jd": 2451545
    }
  },
  "moons": [
    {
      "name": "moon a",
      "radius_km": 704.8486899584532,
      "albedo": 0.27296566758770496,
      "orbit": {
        "a_au": 0.00023103443610028555,
        "e": 0.07634729567915201,
        "i_deg": 9.129083465784788,
        "Omega_deg": 202.86463131196797,
        "omega_deg": 5.703388145193458,
        "M0_deg": 49.99115042388439,
        "epoch_jd": 2451545
      }
    },
    {
      "name": "moon b",
      "radius_km": 583.6865028366446,
      "albedo": 0.1110514446021989,
      "orbit": {
        "a_au": 0.00036674430690647307,
        "e": 0.0107850256934762,
        "i_deg": 13.183528900146484,
        "Omega_deg": 59.765075566247106,
        "omega_deg": 116.10915647819638,
        "M0_deg": 46.006073635071516,
        "epoch_jd": 2451545
      }
    }
  ],
  "observer": {
    "lat_deg": 0,
    "lon_deg": 0,
    "elevation_m": 0
  },
  "epoch_jd": 2451545,
  "catalog_ref": "catalog/local_volume_300pc.json",
  "provenance": {
    "host": {
      "value": "Gaia DR3 1384195086792268800",
      "real": true,
      "note": "real catalog star Gaia DR3 1384195086792268800: observed galactic position & space velocity; luminosity from its absolute magnitude (M=3.42, BP-RP 0.78)"
    },
    "host_star.galactic_xyz_pc": {
      "real": true,
      "note": "real: the host star's catalog position (the observer's vantage)"
    },
    "host_star.luminosity_lsun": {
      "value": 3.6715,
      "real": true,
      "note": "real-derived: from the host's observed absolute magnitude (distance + apparent mag)"
    },
    "host_star.mass_msun": {
      "value": 1.4501,
      "note": "derived: mass-luminosity relation L = M^3.5"
    },
    "host_star.radius_rsun": {
      "value": 1.3462,
      "note": "derived: main-sequence radius R = M^0.8"
    },
    "host_star.teff_k": {
      "value": 6886,
      "note": "derived: Teff = Tsun*(L/R^2)^0.25, consistent with L and R"
    },
    "planet.orbit.a_au": {
      "value": 2.5049,
      "note": "sampled near the host's habitable zone"
    },
    "planet.orbit.e": {
      "value": 0.0238,
      "note": "sampled for a multi moon world"
    },
    "planet.axial_tilt_deg": {
      "value": 28.5767,
      "note": "sampled"
    },
    "planet.rotation_period_s": {
      "value": 68873,
      "note": "sampled"
    },
    "moons": {
      "value": 2,
      "note": "near-2:1 resonant chain (Laplace-type: recurring multi-moon alignments); inclined orbits -> eclipse seasons; adjacent moons mutually Hill-stable"
    }
  },
  "validation": {
    "ok": true,
    "checks": [
      {
        "name": "bound",
        "ok": true,
        "detail": "e=0.024"
      },
      {
        "name": "not grazing star",
        "ok": true,
        "detail": "periastron 2.445 AU > 0.0313 AU"
      },
      {
        "name": "moon moon a: Roche < periapsis, apoapsis < 0.4 R_Hill",
        "ok": true,
        "detail": "peri 0.00021 > Roche 0.00015; apo 0.00025 < 0.01056 AU"
      },
      {
        "name": "moon moon b: Roche < periapsis, apoapsis < 0.4 R_Hill",
        "ok": true,
        "detail": "peri 0.00036 > Roche 0.00015; apo 0.00037 < 0.01056 AU"
      },
      {
        "name": "moons moon a/moon b mutually Hill-stable",
        "ok": true,
        "detail": "Delta=7.44 (>3.5)"
      },
      {
        "name": ">= 2 moons",
        "ok": true,
        "detail": "2 moons"
      }
    ]
  }
}