{
  "schema_version": "0.1",
  "name": "multi moon #3",
  "world_type": "multi_moon",
  "age_gyr": 7.22936736792326,
  "seed": 3496579007,
  "host_star": {
    "catalog_id": "HIP2941",
    "galactic_xyz_pc": [
      0.3862103641769705,
      0.9980524993447512,
      -15.49586481134752
    ],
    "space_velocity_kms": [
      -88.65745314358365,
      -55.43196684156857,
      -5.779892984728546
    ],
    "mass_msun": 1.058555714661684,
    "luminosity_lsun": 1.2203882672117732,
    "teff_k": 5930.145373397428,
    "radius_rsun": 1.04657649530115
  },
  "planet": {
    "radius_km": 7287.853048183024,
    "mass_mearth": 2.146185128716752,
    "rotation_period_s": 63862.612906470895,
    "axial_tilt_deg": 1.7805622075684369,
    "north_pole_inertial": {
      "ra_deg": 0,
      "dec_deg": 88.21943779243156
    },
    "orbit": {
      "a_au": 1.1692907934038117,
      "e": 0.01429542973637581,
      "i_deg": 0,
      "Omega_deg": 0,
      "omega_deg": 0,
      "M0_deg": 0,
      "epoch_jd": 2451545
    }
  },
  "moons": [
    {
      "name": "moon a",
      "radius_km": 959.0209767222404,
      "albedo": 0.10859175698366016,
      "orbit": {
        "a_au": 0.0002608495484185557,
        "e": 0.059714538827538494,
        "i_deg": 9.054135017096996,
        "Omega_deg": 322.63035206124187,
        "omega_deg": 233.53592223487794,
        "M0_deg": 291.92128549329937,
        "epoch_jd": 2451545
      }
    },
    {
      "name": "moon b",
      "radius_km": 1244.1420033574104,
      "albedo": 0.29979404063895343,
      "orbit": {
        "a_au": 0.00041407284756504514,
        "e": 0.06759740132838488,
        "i_deg": 17.62027158588171,
        "Omega_deg": 100.47509062103927,
        "omega_deg": 81.6499931551516,
        "M0_deg": 243.74045591801405,
        "epoch_jd": 2451545
      }
    }
  ],
  "observer": {
    "lat_deg": 0,
    "lon_deg": 0,
    "elevation_m": 0
  },
  "epoch_jd": 2451545,
  "catalog_ref": "catalog/local_volume_300pc.json",
  "provenance": {
    "host": {
      "value": "HIP2941",
      "real": true,
      "note": "real catalog star HIP2941: observed galactic position & space velocity; luminosity from its absolute magnitude (M=4.61, BP-RP 0.71)"
    },
    "host_star.galactic_xyz_pc": {
      "real": true,
      "note": "real: the host star's catalog position (the observer's vantage)"
    },
    "host_star.luminosity_lsun": {
      "value": 1.2204,
      "real": true,
      "note": "real-derived: from the host's observed absolute magnitude (distance + apparent mag)"
    },
    "host_star.mass_msun": {
      "value": 1.0586,
      "note": "derived: mass-luminosity relation L = M^3.5"
    },
    "host_star.radius_rsun": {
      "value": 1.0466,
      "note": "derived: main-sequence radius R = M^0.8"
    },
    "host_star.teff_k": {
      "value": 5930,
      "note": "derived: Teff = Tsun*(L/R^2)^0.25, consistent with L and R"
    },
    "planet.orbit.a_au": {
      "value": 1.1693,
      "note": "sampled near the host's habitable zone"
    },
    "planet.orbit.e": {
      "value": 0.0143,
      "note": "sampled for a multi moon world"
    },
    "planet.axial_tilt_deg": {
      "value": 1.7806,
      "note": "sampled"
    },
    "planet.rotation_period_s": {
      "value": 63863,
      "note": "sampled"
    },
    "moons": {
      "value": 2,
      "note": "near-2:1 resonant chain (Laplace-type: recurring multi-moon alignments); inclined orbits -> eclipse seasons; adjacent moons mutually Hill-stable"
    }
  },
  "validation": {
    "ok": true,
    "checks": [
      {
        "name": "bound",
        "ok": true,
        "detail": "e=0.014"
      },
      {
        "name": "not grazing star",
        "ok": true,
        "detail": "periastron 1.153 AU > 0.0243 AU"
      },
      {
        "name": "moon moon a: Roche < periapsis, apoapsis < 0.4 R_Hill",
        "ok": true,
        "detail": "peri 0.00025 > Roche 0.00016; apo 0.00028 < 0.00592 AU"
      },
      {
        "name": "moon moon b: Roche < periapsis, apoapsis < 0.4 R_Hill",
        "ok": true,
        "detail": "peri 0.00039 > Roche 0.00016; apo 0.00044 < 0.00592 AU"
      },
      {
        "name": "moons moon a/moon b mutually Hill-stable",
        "ok": true,
        "detail": "Delta=4.67 (>3.5)"
      },
      {
        "name": ">= 2 moons",
        "ok": true,
        "detail": "2 moons"
      }
    ]
  }
}