{
  "schema_version": "0.1",
  "name": "tidally locked #4",
  "world_type": "tidally_locked",
  "age_gyr": 8.530983701348305,
  "seed": 2636740077,
  "host_star": {
    "catalog_id": "HIP68184",
    "galactic_xyz_pc": [
      -1.9987550272515202,
      5.608754633070645,
      8.163278574039035
    ],
    "space_velocity_kms": [
      -7.871510721624862,
      4.655625792871725,
      -5.126063502916817
    ],
    "mass_msun": 0.649912852890629,
    "luminosity_lsun": 0.22130587348525596,
    "teff_k": 4703.623019968422,
    "radius_rsun": 0.7084090498875822
  },
  "planet": {
    "radius_km": 6371,
    "mass_mearth": 1,
    "rotation_period_s": 2171297.4763485123,
    "axial_tilt_deg": 2.2880021315068007,
    "north_pole_inertial": {
      "ra_deg": 0,
      "dec_deg": 87.7119978684932
    },
    "orbit": {
      "a_au": 0.1454438232637685,
      "e": 0.025270002633333205,
      "i_deg": 0,
      "Omega_deg": 0,
      "omega_deg": 0,
      "M0_deg": 0,
      "epoch_jd": 2451545
    }
  },
  "moons": [
    {
      "name": "moon a",
      "radius_km": 1793.6775506474078,
      "albedo": 0.07194044956937432,
      "orbit": {
        "a_au": 0.00033917025495656364,
        "e": 0.10566397870425134,
        "i_deg": 20.645384265109897,
        "Omega_deg": 120.3013358451426,
        "omega_deg": 104.20026487670839,
        "M0_deg": 55.24366049095988,
        "epoch_jd": 2451545
      }
    }
  ],
  "observer": {
    "lat_deg": 0,
    "lon_deg": 0,
    "elevation_m": 0
  },
  "epoch_jd": 2451545,
  "catalog_ref": "catalog/local_volume_300pc.json",
  "provenance": {
    "host": {
      "value": "HIP68184",
      "real": true,
      "note": "real catalog star HIP68184: observed galactic position & space velocity; luminosity from its absolute magnitude (M=6.47, BP-RP 1.04)"
    },
    "host_star.galactic_xyz_pc": {
      "real": true,
      "note": "real: the host star's catalog position (the observer's vantage)"
    },
    "host_star.luminosity_lsun": {
      "value": 0.2213,
      "real": true,
      "note": "real-derived: from the host's observed absolute magnitude (distance + apparent mag)"
    },
    "host_star.mass_msun": {
      "value": 0.6499,
      "note": "derived: mass-luminosity relation L = M^3.5"
    },
    "host_star.radius_rsun": {
      "value": 0.7084,
      "note": "derived: main-sequence radius R = M^0.8"
    },
    "host_star.teff_k": {
      "value": 4704,
      "note": "derived: Teff = Tsun*(L/R^2)^0.25, consistent with L and R"
    },
    "planet.orbit.a_au": {
      "value": 0.1454,
      "note": "sampled inside the tidal-locking radius a_lock=0.528 AU (Gladman 1996: tau_lock < system age)"
    },
    "planet.orbit.e": {
      "value": 0.0253,
      "note": "sampled for a tidally locked world"
    },
    "planet.axial_tilt_deg": {
      "value": 2.288,
      "note": "sampled"
    },
    "planet.rotation_period_s": {
      "value": 2171297,
      "note": "= orbital period: spin-orbit synchronous (Kepler from a and host mass)"
    },
    "moons": {
      "value": 1,
      "note": "a single moon is often the only moving body under a fixed sun; inclined orbit -> eclipse seasons; periapsis clears Roche"
    }
  },
  "validation": {
    "ok": true,
    "checks": [
      {
        "name": "bound",
        "ok": true,
        "detail": "e=0.025"
      },
      {
        "name": "not grazing star",
        "ok": true,
        "detail": "periastron 0.142 AU > 0.0165 AU"
      },
      {
        "name": "moon moon a: Roche < periapsis, apoapsis < 0.4 R_Hill",
        "ok": true,
        "detail": "peri 0.00030 > Roche 0.00013; apo 0.00038 < 0.00067 AU"
      },
      {
        "name": "locking is expected (tau < age)",
        "ok": true,
        "detail": "tau_lock 3.71e-3 Gyr < age 8.530983701348305 Gyr"
      },
      {
        "name": "spin synchronized (Prot = Porb)",
        "ok": true,
        "detail": "Prot=25.13 d, Porb=25.13 d"
      }
    ]
  }
}